[
	{
		"identifier": "region-id:1-101",
		"major": 1,
		"minor": 101
	},
	{
		"identifier": "region-id:1-102",
		"major": 1,
		"minor": 102
	},
	{
		"identifier": "region-id:1-103",
		"major": 1,
		"minor": 103
	},
	{
		"identifier": "region-id:1-104",
		"major": 1,
		"minor": 104
	},
	{
		"identifier": "region-id:1-105",
		"major": 1,
		"minor": 105
	},
	{
		"identifier": "region-id:1-106",
		"major": 1,
		"minor": 106
	},
	{
		"identifier": "region-id:1-107",
		"major": 1,
		"minor": 107
	},
	{
		"identifier": "region-id:1-108",
		"major": 1,
		"minor": 108
	}
]